{"_runtime": 89.86078786849976, "_timestamp": 1584529678.4283578, "Loss": 4.700427532196045, "_step": 16}
