{"_timestamp": 1584531587.1594872, "Loss": 1.458662986755371, "_runtime": 1631.2654790878296, "_step": 2359, "Valid Loss": 0.4821759760379791}
